Group_Combined,Group,Year,Metric,Value
All Students,All Students,2017,Number Enrolled,1421
All Students,All Students,2018,Number Enrolled,1447
All Students,All Students,2019,Number Enrolled,1359
All Students,All Students,2020,Number Enrolled,1175
All Students,All Students,2021,Number Enrolled,1065
All Students,All Students,2022,Number Enrolled,1234
All Students,All Students,2023,Number Enrolled,1416
All Students,All Students,2024,Number Enrolled,1328
All Students,All Students,2017,change (pct),
All Students,All Students,2018,change (pct),1.8
All Students,All Students,2019,change (pct),-6.1
All Students,All Students,2020,change (pct),-13.5
All Students,All Students,2021,change (pct),-9.4
All Students,All Students,2022,change (pct),15.9
All Students,All Students,2023,change (pct),14.7
All Students,All Students,2024,change (pct),-6.2
All Students,All Students,2017,Number Enrolled with SAT Scores Being Used in Admissions Decision,
All Students,All Students,2018,Number Enrolled with SAT Scores Being Used in Admissions Decision,
All Students,All Students,2019,Number Enrolled with SAT Scores Being Used in Admissions Decision,
All Students,All Students,2020,Number Enrolled with SAT Scores Being Used in Admissions Decision,
All Students,All Students,2021,Number Enrolled with SAT Scores Being Used in Admissions Decision,
All Students,All Students,2022,Number Enrolled with SAT Scores Being Used in Admissions Decision,
All Students,All Students,2023,Number Enrolled with SAT Scores Being Used in Admissions Decision,363
All Students,All Students,2024,Number Enrolled with SAT Scores Being Used in Admissions Decision,278
All Students,All Students,2017,Evidence-based Reading & Writing,542
All Students,All Students,2018,Evidence-based Reading & Writing,546
All Students,All Students,2019,Evidence-based Reading & Writing,541
All Students,All Students,2020,Evidence-based Reading & Writing,536
All Students,All Students,2021,Evidence-based Reading & Writing,544
All Students,All Students,2022,Evidence-based Reading & Writing,533
All Students,All Students,2023,Evidence-based Reading & Writing,544
All Students,All Students,2024,Evidence-based Reading & Writing,544
All Students,All Students,2017,change (pts),
All Students,All Students,2018,change (pts),4
All Students,All Students,2019,change (pts),-5
All Students,All Students,2020,change (pts),-5
All Students,All Students,2021,change (pts),8
All Students,All Students,2022,change (pts),-11
All Students,All Students,2023,change (pts),11
All Students,All Students,2024,change (pts),0
All Students,All Students,2017,Math,527
All Students,All Students,2018,Math,530
All Students,All Students,2019,Math,522
All Students,All Students,2020,Math,524
All Students,All Students,2021,Math,525
All Students,All Students,2022,Math,520
All Students,All Students,2023,Math,534
All Students,All Students,2024,Math,527
All Students,All Students,2017,change (pts),
All Students,All Students,2018,change (pts),3
All Students,All Students,2019,change (pts),-8
All Students,All Students,2020,change (pts),2
All Students,All Students,2021,change (pts),1
All Students,All Students,2022,change (pts),-5
All Students,All Students,2023,change (pts),14
All Students,All Students,2024,change (pts),-7
All Students,All Students,2017,Combined (Read Write + Math),1069
All Students,All Students,2018,Combined (Read Write + Math),1076
All Students,All Students,2019,Combined (Read Write + Math),1063
All Students,All Students,2020,Combined (Read Write + Math),1060
All Students,All Students,2021,Combined (Read Write + Math),1069
All Students,All Students,2022,Combined (Read Write + Math),1053
All Students,All Students,2023,Combined (Read Write + Math),1078
All Students,All Students,2024,Combined (Read Write + Math),1071
All Students,All Students,2017,change (pts),
All Students,All Students,2018,change (pts),7
All Students,All Students,2019,change (pts),-13
All Students,All Students,2020,change (pts),-3
All Students,All Students,2021,change (pts),9
All Students,All Students,2022,change (pts),-16
All Students,All Students,2023,change (pts),25
All Students,All Students,2024,change (pts),-7
All Students,All Students,2017,High School Rank (percentile),59
All Students,All Students,2018,High School Rank (percentile),58
All Students,All Students,2019,High School Rank (percentile),57
All Students,All Students,2020,High School Rank (percentile),59
All Students,All Students,2021,High School Rank (percentile),60
All Students,All Students,2022,High School Rank (percentile),59
All Students,All Students,2023,High School Rank (percentile),61
All Students,All Students,2024,High School Rank (percentile),59
All Students,All Students,2017,change (pts),
All Students,All Students,2018,change (pts),-1
All Students,All Students,2019,change (pts),-1
All Students,All Students,2020,change (pts),2
All Students,All Students,2021,change (pts),1
All Students,All Students,2022,change (pts),-1
All Students,All Students,2023,change (pts),2
All Students,All Students,2024,change (pts),-2
All Students,All Students,2017,High School GPA (mean),3.07
All Students,All Students,2018,High School GPA (mean),3.07
All Students,All Students,2019,High School GPA (mean),3.15
All Students,All Students,2020,High School GPA (mean),3.15
All Students,All Students,2021,High School GPA (mean),3.21
All Students,All Students,2022,High School GPA (mean),3.18
All Students,All Students,2023,High School GPA (mean),3.21
All Students,All Students,2024,High School GPA (mean),3.16
All Students,All Students,2017,change (pts),
All Students,All Students,2018,change (pts),0
All Students,All Students,2019,change (pts),0.08
All Students,All Students,2020,change (pts),0
All Students,All Students,2021,change (pts),0.06
All Students,All Students,2022,change (pts),-0.03
All Students,All Students,2023,change (pts),0.03
All Students,All Students,2024,change (pts),-0.05
Men,Men,2017,Number Enrolled,729
Men,Men,2018,Number Enrolled,769
Men,Men,2019,Number Enrolled,697
Men,Men,2020,Number Enrolled,667
Men,Men,2021,Number Enrolled,586
Men,Men,2022,Number Enrolled,694
Men,Men,2023,Number Enrolled,726
Men,Men,2024,Number Enrolled,687
Men,Men,2017,change (pct),
Men,Men,2018,change (pct),5.5
Men,Men,2019,change (pct),-9.4
Men,Men,2020,change (pct),-4.3
Men,Men,2021,change (pct),-12.1
Men,Men,2022,change (pct),18.4
Men,Men,2023,change (pct),4.6
Men,Men,2024,change (pct),-5.4
Men,Men,2017,Number Enrolled with SAT Scores Being Used in Admissions Decision,
Men,Men,2018,Number Enrolled with SAT Scores Being Used in Admissions Decision,
Men,Men,2019,Number Enrolled with SAT Scores Being Used in Admissions Decision,
Men,Men,2020,Number Enrolled with SAT Scores Being Used in Admissions Decision,
Men,Men,2021,Number Enrolled with SAT Scores Being Used in Admissions Decision,
Men,Men,2022,Number Enrolled with SAT Scores Being Used in Admissions Decision,
Men,Men,2023,Number Enrolled with SAT Scores Being Used in Admissions Decision,209
Men,Men,2024,Number Enrolled with SAT Scores Being Used in Admissions Decision,172
Men,Men,2017,Evidence-based Reading & Writing,546
Men,Men,2018,Evidence-based Reading & Writing,547
Men,Men,2019,Evidence-based Reading & Writing,543
Men,Men,2020,Evidence-based Reading & Writing,539
Men,Men,2021,Evidence-based Reading & Writing,552
Men,Men,2022,Evidence-based Reading & Writing,540
Men,Men,2023,Evidence-based Reading & Writing,545
Men,Men,2024,Evidence-based Reading & Writing,540
Men,Men,2017,change (pts),
Men,Men,2018,change (pts),1
Men,Men,2019,change (pts),-4
Men,Men,2020,change (pts),-4
Men,Men,2021,change (pts),13
Men,Men,2022,change (pts),-12
Men,Men,2023,change (pts),5
Men,Men,2024,change (pts),-5
Men,Men,2017,Math,541
Men,Men,2018,Math,544
Men,Men,2019,Math,535
Men,Men,2020,Math,533
Men,Men,2021,Math,543
Men,Men,2022,Math,538
Men,Men,2023,Math,545
Men,Men,2024,Math,535
Men,Men,2017,change (pts),
Men,Men,2018,change (pts),4
Men,Men,2019,change (pts),-9
Men,Men,2020,change (pts),-3
Men,Men,2021,change (pts),11
Men,Men,2022,change (pts),-5
Men,Men,2023,change (pts),7
Men,Men,2024,change (pts),-10
Men,Men,2017,Combined (Read Write + Math),1087
Men,Men,2018,Combined (Read Write + Math),1091
Men,Men,2019,Combined (Read Write + Math),1078
Men,Men,2020,Combined (Read Write + Math),1072
Men,Men,2021,Combined (Read Write + Math),1095
Men,Men,2022,Combined (Read Write + Math),1078
Men,Men,2023,Combined (Read Write + Math),1090
Men,Men,2024,Combined (Read Write + Math),1075
Men,Men,2017,change (pts),
Men,Men,2018,change (pts),4
Men,Men,2019,change (pts),-13
Men,Men,2020,change (pts),-6
Men,Men,2021,change (pts),23
Men,Men,2022,change (pts),-17
Men,Men,2023,change (pts),12
Men,Men,2024,change (pts),-15
Men,Men,2017,High School Rank (percentile),55
Men,Men,2018,High School Rank (percentile),54
Men,Men,2019,High School Rank (percentile),52
Men,Men,2020,High School Rank (percentile),57
Men,Men,2021,High School Rank (percentile),56
Men,Men,2022,High School Rank (percentile),56
Men,Men,2023,High School Rank (percentile),58
Men,Men,2024,High School Rank (percentile),57
Men,Men,2017,change (pts),
Men,Men,2018,change (pts),-1
Men,Men,2019,change (pts),-2
Men,Men,2020,change (pts),5
Men,Men,2021,change (pts),-2
Men,Men,2022,change (pts),1
Men,Men,2023,change (pts),2
Men,Men,2024,change (pts),-1
Men,Men,2017,High School GPA (mean),2.97
Men,Men,2018,High School GPA (mean),2.98
Men,Men,2019,High School GPA (mean),2.99
Men,Men,2020,High School GPA (mean),3.09
Men,Men,2021,High School GPA (mean),3.14
Men,Men,2022,High School GPA (mean),3.11
Men,Men,2023,High School GPA (mean),3.14
Men,Men,2024,High School GPA (mean),3.08
Men,Men,2017,change (pts),
Men,Men,2018,change (pts),0.01
Men,Men,2019,change (pts),0.01
Men,Men,2020,change (pts),0.1
Men,Men,2021,change (pts),0.05
Men,Men,2022,change (pts),-0.03
Men,Men,2023,change (pts),0.03
Men,Men,2024,change (pts),-0.06
Women,Women,2017,Number Enrolled,692
Women,Women,2018,Number Enrolled,678
Women,Women,2019,Number Enrolled,662
Women,Women,2020,Number Enrolled,508
Women,Women,2021,Number Enrolled,479
Women,Women,2022,Number Enrolled,540
Women,Women,2023,Number Enrolled,690
Women,Women,2024,Number Enrolled,641
Women,Women,2017,change (pct),
Women,Women,2018,change (pct),-2
Women,Women,2019,change (pct),-2.4
Women,Women,2020,change (pct),-23.3
Women,Women,2021,change (pct),-5.7
Women,Women,2022,change (pct),12.7
Women,Women,2023,change (pct),27.8
Women,Women,2024,change (pct),-7.1
Women,Women,2017,Number Enrolled with SAT Scores Being Used in Admissions Decision,
Women,Women,2018,Number Enrolled with SAT Scores Being Used in Admissions Decision,
Women,Women,2019,Number Enrolled with SAT Scores Being Used in Admissions Decision,
Women,Women,2020,Number Enrolled with SAT Scores Being Used in Admissions Decision,
Women,Women,2021,Number Enrolled with SAT Scores Being Used in Admissions Decision,
Women,Women,2022,Number Enrolled with SAT Scores Being Used in Admissions Decision,
Women,Women,2023,Number Enrolled with SAT Scores Being Used in Admissions Decision,154
Women,Women,2024,Number Enrolled with SAT Scores Being Used in Admissions Decision,106
Women,Women,2017,Evidence-based Reading & Writing,537
Women,Women,2018,Evidence-based Reading & Writing,544
Women,Women,2019,Evidence-based Reading & Writing,539
Women,Women,2020,Evidence-based Reading & Writing,533
Women,Women,2021,Evidence-based Reading & Writing,533
Women,Women,2022,Evidence-based Reading & Writing,524
Women,Women,2023,Evidence-based Reading & Writing,542
Women,Women,2024,Evidence-based Reading & Writing,549
Women,Women,2017,change (pts),
Women,Women,2018,change (pts),7
Women,Women,2019,change (pts),-5
Women,Women,2020,change (pts),-6
Women,Women,2021,change (pts),1
Women,Women,2022,change (pts),-9
Women,Women,2023,change (pts),18
Women,Women,2024,change (pts),7
Women,Women,2017,Math,512
Women,Women,2018,Math,513
Women,Women,2019,Math,509
Women,Women,2020,Math,513
Women,Women,2021,Math,500
Women,Women,2022,Math,496
Women,Women,2023,Math,520
Women,Women,2024,Math,515
Women,Women,2017,change (pts),
Women,Women,2018,change (pts),1
Women,Women,2019,change (pts),-5
Women,Women,2020,change (pts),4
Women,Women,2021,change (pts),-13
Women,Women,2022,change (pts),-4
Women,Women,2023,change (pts),24
Women,Women,2024,change (pts),-5
Women,Women,2017,Combined (Read Write + Math),1050
Women,Women,2018,Combined (Read Write + Math),1058
Women,Women,2019,Combined (Read Write + Math),1048
Women,Women,2020,Combined (Read Write + Math),1046
Women,Women,2021,Combined (Read Write + Math),1033
Women,Women,2022,Combined (Read Write + Math),1020
Women,Women,2023,Combined (Read Write + Math),1062
Women,Women,2024,Combined (Read Write + Math),1064
Women,Women,2017,change (pts),
Women,Women,2018,change (pts),8
Women,Women,2019,change (pts),-10
Women,Women,2020,change (pts),-2
Women,Women,2021,change (pts),-13
Women,Women,2022,change (pts),-13
Women,Women,2023,change (pts),42
Women,Women,2024,change (pts),2
Women,Women,2017,High School Rank (percentile),62
Women,Women,2018,High School Rank (percentile),62
Women,Women,2019,High School Rank (percentile),62
Women,Women,2020,High School Rank (percentile),62
Women,Women,2021,High School Rank (percentile),66
Women,Women,2022,High School Rank (percentile),62
Women,Women,2023,High School Rank (percentile),63
Women,Women,2024,High School Rank (percentile),60
Women,Women,2017,change (pts),
Women,Women,2018,change (pts),0
Women,Women,2019,change (pts),0
Women,Women,2020,change (pts),0
Women,Women,2021,change (pts),4
Women,Women,2022,change (pts),-4
Women,Women,2023,change (pts),1
Women,Women,2024,change (pts),-3
Women,Women,2017,High School GPA (mean),3.17
Women,Women,2018,High School GPA (mean),3.18
Women,Women,2019,High School GPA (mean),3.33
Women,Women,2020,High School GPA (mean),3.23
Women,Women,2021,High School GPA (mean),3.29
Women,Women,2022,High School GPA (mean),3.28
Women,Women,2023,High School GPA (mean),3.3
Women,Women,2024,High School GPA (mean),3.24
Women,Women,2017,change (pts),
Women,Women,2018,change (pts),0.01
Women,Women,2019,change (pts),0.15
Women,Women,2020,change (pts),-0.1
Women,Women,2021,change (pts),0.06
Women,Women,2022,change (pts),-0.01
Women,Women,2023,change (pts),0.02
Women,Women,2024,change (pts),-0.06
US Non-Resident,US Non-Resident,2017,Number Enrolled,19
US Non-Resident,US Non-Resident,2018,Number Enrolled,21
US Non-Resident,US Non-Resident,2019,Number Enrolled,14
US Non-Resident,US Non-Resident,2020,Number Enrolled,15
US Non-Resident,US Non-Resident,2021,Number Enrolled,15
US Non-Resident,US Non-Resident,2022,Number Enrolled,21
US Non-Resident,US Non-Resident,2023,Number Enrolled,30
US Non-Resident,US Non-Resident,2024,Number Enrolled,22
US Non-Resident,US Non-Resident,2017,change (pct),
US Non-Resident,US Non-Resident,2018,change (pct),10.5
US Non-Resident,US Non-Resident,2019,change (pct),-33.3
US Non-Resident,US Non-Resident,2020,change (pct),7.1
US Non-Resident,US Non-Resident,2021,change (pct),0
US Non-Resident,US Non-Resident,2022,change (pct),40
US Non-Resident,US Non-Resident,2023,change (pct),42.9
US Non-Resident,US Non-Resident,2024,change (pct),-26.7
US Non-Resident,US Non-Resident,2017,Number Enrolled with SAT Scores Being Used in Admissions Decision,
US Non-Resident,US Non-Resident,2018,Number Enrolled with SAT Scores Being Used in Admissions Decision,
US Non-Resident,US Non-Resident,2019,Number Enrolled with SAT Scores Being Used in Admissions Decision,
US Non-Resident,US Non-Resident,2020,Number Enrolled with SAT Scores Being Used in Admissions Decision,
US Non-Resident,US Non-Resident,2021,Number Enrolled with SAT Scores Being Used in Admissions Decision,
US Non-Resident,US Non-Resident,2022,Number Enrolled with SAT Scores Being Used in Admissions Decision,
US Non-Resident,US Non-Resident,2023,Number Enrolled with SAT Scores Being Used in Admissions Decision,3
US Non-Resident,US Non-Resident,2024,Number Enrolled with SAT Scores Being Used in Admissions Decision,0
US Non-Resident,US Non-Resident,2017,Evidence-based Reading & Writing,532
US Non-Resident,US Non-Resident,2018,Evidence-based Reading & Writing,533
US Non-Resident,US Non-Resident,2019,Evidence-based Reading & Writing,505
US Non-Resident,US Non-Resident,2020,Evidence-based Reading & Writing,511
US Non-Resident,US Non-Resident,2021,Evidence-based Reading & Writing,531
US Non-Resident,US Non-Resident,2022,Evidence-based Reading & Writing,495
US Non-Resident,US Non-Resident,2023,Evidence-based Reading & Writing,
US Non-Resident,US Non-Resident,2024,Evidence-based Reading & Writing,
US Non-Resident,US Non-Resident,2017,change (pct),
US Non-Resident,US Non-Resident,2018,change (pct),0.2
US Non-Resident,US Non-Resident,2019,change (pct),-5.2
US Non-Resident,US Non-Resident,2020,change (pct),1.2
US Non-Resident,US Non-Resident,2021,change (pct),3.9
US Non-Resident,US Non-Resident,2022,change (pct),-6.9
US Non-Resident,US Non-Resident,2023,change (pct),
US Non-Resident,US Non-Resident,2024,change (pct),
US Non-Resident,US Non-Resident,2017,Math,540
US Non-Resident,US Non-Resident,2018,Math,503
US Non-Resident,US Non-Resident,2019,Math,499
US Non-Resident,US Non-Resident,2020,Math,524
US Non-Resident,US Non-Resident,2021,Math,505
US Non-Resident,US Non-Resident,2022,Math,507
US Non-Resident,US Non-Resident,2023,Math,
US Non-Resident,US Non-Resident,2024,Math,
US Non-Resident,US Non-Resident,2017,change (pct),
US Non-Resident,US Non-Resident,2018,change (pct),-6.8
US Non-Resident,US Non-Resident,2019,change (pct),-0.8
US Non-Resident,US Non-Resident,2020,change (pct),4.9
US Non-Resident,US Non-Resident,2021,change (pct),-3.6
US Non-Resident,US Non-Resident,2022,change (pct),0.5
US Non-Resident,US Non-Resident,2023,change (pct),
US Non-Resident,US Non-Resident,2024,change (pct),
US Non-Resident,US Non-Resident,2017,Combined (Read Write + Math),1072
US Non-Resident,US Non-Resident,2018,Combined (Read Write + Math),1037
US Non-Resident,US Non-Resident,2019,Combined (Read Write + Math),1005
US Non-Resident,US Non-Resident,2020,Combined (Read Write + Math),1035
US Non-Resident,US Non-Resident,2021,Combined (Read Write + Math),1036
US Non-Resident,US Non-Resident,2022,Combined (Read Write + Math),1002
US Non-Resident,US Non-Resident,2023,Combined (Read Write + Math),
US Non-Resident,US Non-Resident,2024,Combined (Read Write + Math),
US Non-Resident,US Non-Resident,2017,change (pct),
US Non-Resident,US Non-Resident,2018,change (pct),-3.3
US Non-Resident,US Non-Resident,2019,change (pct),-3.1
US Non-Resident,US Non-Resident,2020,change (pct),3
US Non-Resident,US Non-Resident,2021,change (pct),0.1
US Non-Resident,US Non-Resident,2022,change (pct),-3.3
US Non-Resident,US Non-Resident,2023,change (pct),
US Non-Resident,US Non-Resident,2024,change (pct),
US Non-Resident,US Non-Resident,2017,High School Rank (percentile),53
US Non-Resident,US Non-Resident,2018,High School Rank (percentile),86
US Non-Resident,US Non-Resident,2019,High School Rank (percentile),55
US Non-Resident,US Non-Resident,2020,High School Rank (percentile),57
US Non-Resident,US Non-Resident,2021,High School Rank (percentile),62
US Non-Resident,US Non-Resident,2022,High School Rank (percentile),63
US Non-Resident,US Non-Resident,2023,High School Rank (percentile),63
US Non-Resident,US Non-Resident,2024,High School Rank (percentile),65
US Non-Resident,US Non-Resident,2017,change (pct),
US Non-Resident,US Non-Resident,2018,change (pct),62.3
US Non-Resident,US Non-Resident,2019,change (pct),-36
US Non-Resident,US Non-Resident,2020,change (pct),3.6
US Non-Resident,US Non-Resident,2021,change (pct),8.8
US Non-Resident,US Non-Resident,2022,change (pct),1.6
US Non-Resident,US Non-Resident,2023,change (pct),0
US Non-Resident,US Non-Resident,2024,change (pct),3.2
US Non-Resident,US Non-Resident,2017,High School GPA (mean),3.03
US Non-Resident,US Non-Resident,2018,High School GPA (mean),3.24
US Non-Resident,US Non-Resident,2019,High School GPA (mean),2.91
US Non-Resident,US Non-Resident,2020,High School GPA (mean),3.36
US Non-Resident,US Non-Resident,2021,High School GPA (mean),3.14
US Non-Resident,US Non-Resident,2022,High School GPA (mean),3.23
US Non-Resident,US Non-Resident,2023,High School GPA (mean),3.2
US Non-Resident,US Non-Resident,2024,High School GPA (mean),3.2
US Non-Resident,US Non-Resident,2017,change (pct),
US Non-Resident,US Non-Resident,2018,change (pct),6.9
US Non-Resident,US Non-Resident,2019,change (pct),-10.2
US Non-Resident,US Non-Resident,2020,change (pct),15.5
US Non-Resident,US Non-Resident,2021,change (pct),-6.5
US Non-Resident,US Non-Resident,2022,change (pct),2.9
US Non-Resident,US Non-Resident,2023,change (pct),-0.9
US Non-Resident,US Non-Resident,2024,change (pct),0
Hispanic / Latino,Hispanic / Latino,2017,Number Enrolled,235
Hispanic / Latino,Hispanic / Latino,2018,Number Enrolled,255
Hispanic / Latino,Hispanic / Latino,2019,Number Enrolled,265
Hispanic / Latino,Hispanic / Latino,2020,Number Enrolled,213
Hispanic / Latino,Hispanic / Latino,2021,Number Enrolled,198
Hispanic / Latino,Hispanic / Latino,2022,Number Enrolled,247
Hispanic / Latino,Hispanic / Latino,2023,Number Enrolled,320
Hispanic / Latino,Hispanic / Latino,2024,Number Enrolled,358
Hispanic / Latino,Hispanic / Latino,2017,change (pct),
Hispanic / Latino,Hispanic / Latino,2018,change (pct),8.5
Hispanic / Latino,Hispanic / Latino,2019,change (pct),3.9
Hispanic / Latino,Hispanic / Latino,2020,change (pct),-19.6
Hispanic / Latino,Hispanic / Latino,2021,change (pct),-7
Hispanic / Latino,Hispanic / Latino,2022,change (pct),24.7
Hispanic / Latino,Hispanic / Latino,2023,change (pct),29.6
Hispanic / Latino,Hispanic / Latino,2024,change (pct),11.9
Hispanic / Latino,Hispanic / Latino,2017,Number Enrolled with SAT Scores Being Used in Admissions Decision,
Hispanic / Latino,Hispanic / Latino,2018,Number Enrolled with SAT Scores Being Used in Admissions Decision,
Hispanic / Latino,Hispanic / Latino,2019,Number Enrolled with SAT Scores Being Used in Admissions Decision,
Hispanic / Latino,Hispanic / Latino,2020,Number Enrolled with SAT Scores Being Used in Admissions Decision,
Hispanic / Latino,Hispanic / Latino,2021,Number Enrolled with SAT Scores Being Used in Admissions Decision,
Hispanic / Latino,Hispanic / Latino,2022,Number Enrolled with SAT Scores Being Used in Admissions Decision,
Hispanic / Latino,Hispanic / Latino,2023,Number Enrolled with SAT Scores Being Used in Admissions Decision,72
Hispanic / Latino,Hispanic / Latino,2024,Number Enrolled with SAT Scores Being Used in Admissions Decision,61
Hispanic / Latino,Hispanic / Latino,2017,Evidence-based Reading & Writing,515
Hispanic / Latino,Hispanic / Latino,2018,Evidence-based Reading & Writing,532
Hispanic / Latino,Hispanic / Latino,2019,Evidence-based Reading & Writing,521
Hispanic / Latino,Hispanic / Latino,2020,Evidence-based Reading & Writing,519
Hispanic / Latino,Hispanic / Latino,2021,Evidence-based Reading & Writing,525
Hispanic / Latino,Hispanic / Latino,2022,Evidence-based Reading & Writing,509
Hispanic / Latino,Hispanic / Latino,2023,Evidence-based Reading & Writing,526
Hispanic / Latino,Hispanic / Latino,2024,Evidence-based Reading & Writing,517
Hispanic / Latino,Hispanic / Latino,2017,change (pct),
Hispanic / Latino,Hispanic / Latino,2018,change (pct),3.3
Hispanic / Latino,Hispanic / Latino,2019,change (pct),-1.9
Hispanic / Latino,Hispanic / Latino,2020,change (pct),-0.4
Hispanic / Latino,Hispanic / Latino,2021,change (pct),1.1
Hispanic / Latino,Hispanic / Latino,2022,change (pct),-3
Hispanic / Latino,Hispanic / Latino,2023,change (pct),3.4
Hispanic / Latino,Hispanic / Latino,2024,change (pct),-1.8
Hispanic / Latino,Hispanic / Latino,2017,Math,500
Hispanic / Latino,Hispanic / Latino,2018,Math,506
Hispanic / Latino,Hispanic / Latino,2019,Math,495
Hispanic / Latino,Hispanic / Latino,2020,Math,497
Hispanic / Latino,Hispanic / Latino,2021,Math,501
Hispanic / Latino,Hispanic / Latino,2022,Math,490
Hispanic / Latino,Hispanic / Latino,2023,Math,516
Hispanic / Latino,Hispanic / Latino,2024,Math,493
Hispanic / Latino,Hispanic / Latino,2017,change (pct),
Hispanic / Latino,Hispanic / Latino,2018,change (pct),1.1
Hispanic / Latino,Hispanic / Latino,2019,change (pct),-2
Hispanic / Latino,Hispanic / Latino,2020,change (pct),0.3
Hispanic / Latino,Hispanic / Latino,2021,change (pct),0.8
Hispanic / Latino,Hispanic / Latino,2022,change (pct),-2.3
Hispanic / Latino,Hispanic / Latino,2023,change (pct),5.3
Hispanic / Latino,Hispanic / Latino,2024,change (pct),-4.4
Hispanic / Latino,Hispanic / Latino,2017,Combined (Read Write + Math),1015
Hispanic / Latino,Hispanic / Latino,2018,Combined (Read Write + Math),1037
Hispanic / Latino,Hispanic / Latino,2019,Combined (Read Write + Math),1017
Hispanic / Latino,Hispanic / Latino,2020,Combined (Read Write + Math),1016
Hispanic / Latino,Hispanic / Latino,2021,Combined (Read Write + Math),1026
Hispanic / Latino,Hispanic / Latino,2022,Combined (Read Write + Math),999
Hispanic / Latino,Hispanic / Latino,2023,Combined (Read Write + Math),1042
Hispanic / Latino,Hispanic / Latino,2024,Combined (Read Write + Math),1010
Hispanic / Latino,Hispanic / Latino,2017,change (pct),
Hispanic / Latino,Hispanic / Latino,2018,change (pct),2.2
Hispanic / Latino,Hispanic / Latino,2019,change (pct),-2
Hispanic / Latino,Hispanic / Latino,2020,change (pct),-0.1
Hispanic / Latino,Hispanic / Latino,2021,change (pct),1
Hispanic / Latino,Hispanic / Latino,2022,change (pct),-2.7
Hispanic / Latino,Hispanic / Latino,2023,change (pct),4.3
Hispanic / Latino,Hispanic / Latino,2024,change (pct),-3.1
Hispanic / Latino,Hispanic / Latino,2017,High School Rank (percentile),64
Hispanic / Latino,Hispanic / Latino,2018,High School Rank (percentile),60
Hispanic / Latino,Hispanic / Latino,2019,High School Rank (percentile),62
Hispanic / Latino,Hispanic / Latino,2020,High School Rank (percentile),64
Hispanic / Latino,Hispanic / Latino,2021,High School Rank (percentile),66
Hispanic / Latino,Hispanic / Latino,2022,High School Rank (percentile),63
Hispanic / Latino,Hispanic / Latino,2023,High School Rank (percentile),65
Hispanic / Latino,Hispanic / Latino,2024,High School Rank (percentile),59
Hispanic / Latino,Hispanic / Latino,2017,change (pct),
Hispanic / Latino,Hispanic / Latino,2018,change (pct),-6.3
Hispanic / Latino,Hispanic / Latino,2019,change (pct),3.3
Hispanic / Latino,Hispanic / Latino,2020,change (pct),3.2
Hispanic / Latino,Hispanic / Latino,2021,change (pct),3.1
Hispanic / Latino,Hispanic / Latino,2022,change (pct),-4.5
Hispanic / Latino,Hispanic / Latino,2023,change (pct),3.2
Hispanic / Latino,Hispanic / Latino,2024,change (pct),-9.2
Hispanic / Latino,Hispanic / Latino,2017,High School GPA (mean),3.06
Hispanic / Latino,Hispanic / Latino,2018,High School GPA (mean),3.04
Hispanic / Latino,Hispanic / Latino,2019,High School GPA (mean),3.02
Hispanic / Latino,Hispanic / Latino,2020,High School GPA (mean),3.09
Hispanic / Latino,Hispanic / Latino,2021,High School GPA (mean),3.17
Hispanic / Latino,Hispanic / Latino,2022,High School GPA (mean),3.15
Hispanic / Latino,Hispanic / Latino,2023,High School GPA (mean),3.14
Hispanic / Latino,Hispanic / Latino,2024,High School GPA (mean),3.11
Hispanic / Latino,Hispanic / Latino,2017,change (pct),
Hispanic / Latino,Hispanic / Latino,2018,change (pct),-0.7
Hispanic / Latino,Hispanic / Latino,2019,change (pct),-0.7
Hispanic / Latino,Hispanic / Latino,2020,change (pct),2.3
Hispanic / Latino,Hispanic / Latino,2021,change (pct),2.6
Hispanic / Latino,Hispanic / Latino,2022,change (pct),-0.6
Hispanic / Latino,Hispanic / Latino,2023,change (pct),-0.3
Hispanic / Latino,Hispanic / Latino,2024,change (pct),-1
American Indian / Alaskan Native,American Indian / Alaskan Native,2017,Number Enrolled,1
American Indian / Alaskan Native,American Indian / Alaskan Native,2018,Number Enrolled,2
American Indian / Alaskan Native,American Indian / Alaskan Native,2019,Number Enrolled,1
American Indian / Alaskan Native,American Indian / Alaskan Native,2020,Number Enrolled,1
American Indian / Alaskan Native,American Indian / Alaskan Native,2021,Number Enrolled,1
American Indian / Alaskan Native,American Indian / Alaskan Native,2022,Number Enrolled,1
American Indian / Alaskan Native,American Indian / Alaskan Native,2023,Number Enrolled,0
American Indian / Alaskan Native,American Indian / Alaskan Native,2024,Number Enrolled,1
American Indian / Alaskan Native,American Indian / Alaskan Native,2017,change (pct),
American Indian / Alaskan Native,American Indian / Alaskan Native,2018,change (pct),
American Indian / Alaskan Native,American Indian / Alaskan Native,2019,change (pct),
American Indian / Alaskan Native,American Indian / Alaskan Native,2020,change (pct),
American Indian / Alaskan Native,American Indian / Alaskan Native,2021,change (pct),
American Indian / Alaskan Native,American Indian / Alaskan Native,2022,change (pct),
American Indian / Alaskan Native,American Indian / Alaskan Native,2023,change (pct),
American Indian / Alaskan Native,American Indian / Alaskan Native,2024,change (pct),
American Indian / Alaskan Native,American Indian / Alaskan Native,2017,Number Enrolled with SAT Scores Being Used in Admissions Decision,
American Indian / Alaskan Native,American Indian / Alaskan Native,2018,Number Enrolled with SAT Scores Being Used in Admissions Decision,
American Indian / Alaskan Native,American Indian / Alaskan Native,2019,Number Enrolled with SAT Scores Being Used in Admissions Decision,
American Indian / Alaskan Native,American Indian / Alaskan Native,2020,Number Enrolled with SAT Scores Being Used in Admissions Decision,
American Indian / Alaskan Native,American Indian / Alaskan Native,2021,Number Enrolled with SAT Scores Being Used in Admissions Decision,
American Indian / Alaskan Native,American Indian / Alaskan Native,2022,Number Enrolled with SAT Scores Being Used in Admissions Decision,
American Indian / Alaskan Native,American Indian / Alaskan Native,2023,Number Enrolled with SAT Scores Being Used in Admissions Decision,
American Indian / Alaskan Native,American Indian / Alaskan Native,2024,Number Enrolled with SAT Scores Being Used in Admissions Decision,
American Indian / Alaskan Native,American Indian / Alaskan Native,2017,Evidence-based Reading & Writing,
American Indian / Alaskan Native,American Indian / Alaskan Native,2018,Evidence-based Reading & Writing,
American Indian / Alaskan Native,American Indian / Alaskan Native,2019,Evidence-based Reading & Writing,
American Indian / Alaskan Native,American Indian / Alaskan Native,2020,Evidence-based Reading & Writing,
American Indian / Alaskan Native,American Indian / Alaskan Native,2021,Evidence-based Reading & Writing,
American Indian / Alaskan Native,American Indian / Alaskan Native,2022,Evidence-based Reading & Writing,
American Indian / Alaskan Native,American Indian / Alaskan Native,2023,Evidence-based Reading & Writing,
American Indian / Alaskan Native,American Indian / Alaskan Native,2024,Evidence-based Reading & Writing,
American Indian / Alaskan Native,American Indian / Alaskan Native,2017,change (pct),
American Indian / Alaskan Native,American Indian / Alaskan Native,2018,change (pct),
American Indian / Alaskan Native,American Indian / Alaskan Native,2019,change (pct),
American Indian / Alaskan Native,American Indian / Alaskan Native,2020,change (pct),
American Indian / Alaskan Native,American Indian / Alaskan Native,2021,change (pct),
American Indian / Alaskan Native,American Indian / Alaskan Native,2022,change (pct),
American Indian / Alaskan Native,American Indian / Alaskan Native,2023,change (pct),
American Indian / Alaskan Native,American Indian / Alaskan Native,2024,change (pct),
American Indian / Alaskan Native,American Indian / Alaskan Native,2017,Math,
American Indian / Alaskan Native,American Indian / Alaskan Native,2018,Math,
American Indian / Alaskan Native,American Indian / Alaskan Native,2019,Math,
American Indian / Alaskan Native,American Indian / Alaskan Native,2020,Math,
American Indian / Alaskan Native,American Indian / Alaskan Native,2021,Math,
American Indian / Alaskan Native,American Indian / Alaskan Native,2022,Math,
American Indian / Alaskan Native,American Indian / Alaskan Native,2023,Math,
American Indian / Alaskan Native,American Indian / Alaskan Native,2024,Math,
American Indian / Alaskan Native,American Indian / Alaskan Native,2017,change (pct),
American Indian / Alaskan Native,American Indian / Alaskan Native,2018,change (pct),
American Indian / Alaskan Native,American Indian / Alaskan Native,2019,change (pct),
American Indian / Alaskan Native,American Indian / Alaskan Native,2020,change (pct),
American Indian / Alaskan Native,American Indian / Alaskan Native,2021,change (pct),
American Indian / Alaskan Native,American Indian / Alaskan Native,2022,change (pct),
American Indian / Alaskan Native,American Indian / Alaskan Native,2023,change (pct),
American Indian / Alaskan Native,American Indian / Alaskan Native,2024,change (pct),
American Indian / Alaskan Native,American Indian / Alaskan Native,2017,Combined (Read Write + Math),
American Indian / Alaskan Native,American Indian / Alaskan Native,2018,Combined (Read Write + Math),
American Indian / Alaskan Native,American Indian / Alaskan Native,2019,Combined (Read Write + Math),
American Indian / Alaskan Native,American Indian / Alaskan Native,2020,Combined (Read Write + Math),
American Indian / Alaskan Native,American Indian / Alaskan Native,2021,Combined (Read Write + Math),
American Indian / Alaskan Native,American Indian / Alaskan Native,2022,Combined (Read Write + Math),
American Indian / Alaskan Native,American Indian / Alaskan Native,2023,Combined (Read Write + Math),
American Indian / Alaskan Native,American Indian / Alaskan Native,2024,Combined (Read Write + Math),
American Indian / Alaskan Native,American Indian / Alaskan Native,2017,change (pct),
American Indian / Alaskan Native,American Indian / Alaskan Native,2018,change (pct),
American Indian / Alaskan Native,American Indian / Alaskan Native,2019,change (pct),
American Indian / Alaskan Native,American Indian / Alaskan Native,2020,change (pct),
American Indian / Alaskan Native,American Indian / Alaskan Native,2021,change (pct),
American Indian / Alaskan Native,American Indian / Alaskan Native,2022,change (pct),
American Indian / Alaskan Native,American Indian / Alaskan Native,2023,change (pct),
American Indian / Alaskan Native,American Indian / Alaskan Native,2024,change (pct),
American Indian / Alaskan Native,American Indian / Alaskan Native,2017,High School Rank (percentile),
American Indian / Alaskan Native,American Indian / Alaskan Native,2018,High School Rank (percentile),
American Indian / Alaskan Native,American Indian / Alaskan Native,2019,High School Rank (percentile),
American Indian / Alaskan Native,American Indian / Alaskan Native,2020,High School Rank (percentile),
American Indian / Alaskan Native,American Indian / Alaskan Native,2021,High School Rank (percentile),
American Indian / Alaskan Native,American Indian / Alaskan Native,2022,High School Rank (percentile),
American Indian / Alaskan Native,American Indian / Alaskan Native,2023,High School Rank (percentile),
American Indian / Alaskan Native,American Indian / Alaskan Native,2024,High School Rank (percentile),
American Indian / Alaskan Native,American Indian / Alaskan Native,2017,change (pct),
American Indian / Alaskan Native,American Indian / Alaskan Native,2018,change (pct),
American Indian / Alaskan Native,American Indian / Alaskan Native,2019,change (pct),
American Indian / Alaskan Native,American Indian / Alaskan Native,2020,change (pct),
American Indian / Alaskan Native,American Indian / Alaskan Native,2021,change (pct),
American Indian / Alaskan Native,American Indian / Alaskan Native,2022,change (pct),
American Indian / Alaskan Native,American Indian / Alaskan Native,2023,change (pct),
American Indian / Alaskan Native,American Indian / Alaskan Native,2024,change (pct),
American Indian / Alaskan Native,American Indian / Alaskan Native,2017,High School GPA (mean),
American Indian / Alaskan Native,American Indian / Alaskan Native,2018,High School GPA (mean),
American Indian / Alaskan Native,American Indian / Alaskan Native,2019,High School GPA (mean),
American Indian / Alaskan Native,American Indian / Alaskan Native,2020,High School GPA (mean),
American Indian / Alaskan Native,American Indian / Alaskan Native,2021,High School GPA (mean),
American Indian / Alaskan Native,American Indian / Alaskan Native,2022,High School GPA (mean),
American Indian / Alaskan Native,American Indian / Alaskan Native,2023,High School GPA (mean),
American Indian / Alaskan Native,American Indian / Alaskan Native,2024,High School GPA (mean),
American Indian / Alaskan Native,American Indian / Alaskan Native,2017,change (pct),
American Indian / Alaskan Native,American Indian / Alaskan Native,2018,change (pct),
American Indian / Alaskan Native,American Indian / Alaskan Native,2019,change (pct),
American Indian / Alaskan Native,American Indian / Alaskan Native,2020,change (pct),
American Indian / Alaskan Native,American Indian / Alaskan Native,2021,change (pct),
American Indian / Alaskan Native,American Indian / Alaskan Native,2022,change (pct),
American Indian / Alaskan Native,American Indian / Alaskan Native,2023,change (pct),
American Indian / Alaskan Native,American Indian / Alaskan Native,2024,change (pct),
Asian,Asian,2017,Number Enrolled,46
Asian,Asian,2018,Number Enrolled,55
Asian,Asian,2019,Number Enrolled,34
Asian,Asian,2020,Number Enrolled,42
Asian,Asian,2021,Number Enrolled,42
Asian,Asian,2022,Number Enrolled,52
Asian,Asian,2023,Number Enrolled,55
Asian,Asian,2024,Number Enrolled,48
Asian,Asian,2017,change (pct),
Asian,Asian,2018,change (pct),19.6
Asian,Asian,2019,change (pct),-38.2
Asian,Asian,2020,change (pct),23.5
Asian,Asian,2021,change (pct),0
Asian,Asian,2022,change (pct),23.8
Asian,Asian,2023,change (pct),5.8
Asian,Asian,2024,change (pct),-12.7
Asian,Asian,2017,Number Enrolled with SAT Scores Being Used in Admissions Decision,
Asian,Asian,2018,Number Enrolled with SAT Scores Being Used in Admissions Decision,
Asian,Asian,2019,Number Enrolled with SAT Scores Being Used in Admissions Decision,
Asian,Asian,2020,Number Enrolled with SAT Scores Being Used in Admissions Decision,
Asian,Asian,2021,Number Enrolled with SAT Scores Being Used in Admissions Decision,
Asian,Asian,2022,Number Enrolled with SAT Scores Being Used in Admissions Decision,
Asian,Asian,2023,Number Enrolled with SAT Scores Being Used in Admissions Decision,20
Asian,Asian,2024,Number Enrolled with SAT Scores Being Used in Admissions Decision,12
Asian,Asian,2017,Evidence-based Reading & Writing,524
Asian,Asian,2018,Evidence-based Reading & Writing,534
Asian,Asian,2019,Evidence-based Reading & Writing,547
Asian,Asian,2020,Evidence-based Reading & Writing,542
Asian,Asian,2021,Evidence-based Reading & Writing,544
Asian,Asian,2022,Evidence-based Reading & Writing,557
Asian,Asian,2023,Evidence-based Reading & Writing,514
Asian,Asian,2024,Evidence-based Reading & Writing,599
Asian,Asian,2017,change (pct),
Asian,Asian,2018,change (pct),2
Asian,Asian,2019,change (pct),2.4
Asian,Asian,2020,change (pct),-0.8
Asian,Asian,2021,change (pct),0.4
Asian,Asian,2022,change (pct),2.4
Asian,Asian,2023,change (pct),-7.8
Asian,Asian,2024,change (pct),16.5
Asian,Asian,2017,Math,541
Asian,Asian,2018,Math,533
Asian,Asian,2019,Math,548
Asian,Asian,2020,Math,540
Asian,Asian,2021,Math,541
Asian,Asian,2022,Math,565
Asian,Asian,2023,Math,513
Asian,Asian,2024,Math,573
Asian,Asian,2017,change (pct),
Asian,Asian,2018,change (pct),-1.5
Asian,Asian,2019,change (pct),2.8
Asian,Asian,2020,change (pct),-1.4
Asian,Asian,2021,change (pct),0.2
Asian,Asian,2022,change (pct),4.5
Asian,Asian,2023,change (pct),-9.3
Asian,Asian,2024,change (pct),11.8
Asian,Asian,2017,Combined (Read Write + Math),1065
Asian,Asian,2018,Combined (Read Write + Math),1067
Asian,Asian,2019,Combined (Read Write + Math),1094
Asian,Asian,2020,Combined (Read Write + Math),1082
Asian,Asian,2021,Combined (Read Write + Math),1085
Asian,Asian,2022,Combined (Read Write + Math),1123
Asian,Asian,2023,Combined (Read Write + Math),1027
Asian,Asian,2024,Combined (Read Write + Math),1173
Asian,Asian,2017,change (pct),
Asian,Asian,2018,change (pct),0.2
Asian,Asian,2019,change (pct),2.6
Asian,Asian,2020,change (pct),-1.1
Asian,Asian,2021,change (pct),0.3
Asian,Asian,2022,change (pct),3.5
Asian,Asian,2023,change (pct),-8.6
Asian,Asian,2024,change (pct),14.3
Asian,Asian,2017,High School Rank (percentile),64
Asian,Asian,2018,High School Rank (percentile),49
Asian,Asian,2019,High School Rank (percentile),48
Asian,Asian,2020,High School Rank (percentile),61
Asian,Asian,2021,High School Rank (percentile),63
Asian,Asian,2022,High School Rank (percentile),72
Asian,Asian,2023,High School Rank (percentile),62
Asian,Asian,2024,High School Rank (percentile),61
Asian,Asian,2017,change (pct),
Asian,Asian,2018,change (pct),-23.4
Asian,Asian,2019,change (pct),-2
Asian,Asian,2020,change (pct),27.1
Asian,Asian,2021,change (pct),3.3
Asian,Asian,2022,change (pct),14.3
Asian,Asian,2023,change (pct),-13.9
Asian,Asian,2024,change (pct),-1.6
Asian,Asian,2017,High School GPA (mean),3.12
Asian,Asian,2018,High School GPA (mean),3.05
Asian,Asian,2019,High School GPA (mean),3.11
Asian,Asian,2020,High School GPA (mean),3.11
Asian,Asian,2021,High School GPA (mean),3.17
Asian,Asian,2022,High School GPA (mean),3.36
Asian,Asian,2023,High School GPA (mean),3.37
Asian,Asian,2024,High School GPA (mean),3.25
Asian,Asian,2017,change (pct),
Asian,Asian,2018,change (pct),-2.2
Asian,Asian,2019,change (pct),2
Asian,Asian,2020,change (pct),0
Asian,Asian,2021,change (pct),1.9
Asian,Asian,2022,change (pct),6
Asian,Asian,2023,change (pct),0.3
Asian,Asian,2024,change (pct),-3.6
Black / African American,Black / African American,2017,Number Enrolled,184
Black / African American,Black / African American,2018,Number Enrolled,163
Black / African American,Black / African American,2019,Number Enrolled,169
Black / African American,Black / African American,2020,Number Enrolled,139
Black / African American,Black / African American,2021,Number Enrolled,133
Black / African American,Black / African American,2022,Number Enrolled,182
Black / African American,Black / African American,2023,Number Enrolled,215
Black / African American,Black / African American,2024,Number Enrolled,241
Black / African American,Black / African American,2017,change (pct),
Black / African American,Black / African American,2018,change (pct),-11.4
Black / African American,Black / African American,2019,change (pct),3.7
Black / African American,Black / African American,2020,change (pct),-17.8
Black / African American,Black / African American,2021,change (pct),-4.3
Black / African American,Black / African American,2022,change (pct),36.8
Black / African American,Black / African American,2023,change (pct),18.1
Black / African American,Black / African American,2024,change (pct),12.1
Black / African American,Black / African American,2017,Number Enrolled with SAT Scores Being Used in Admissions Decision,
Black / African American,Black / African American,2018,Number Enrolled with SAT Scores Being Used in Admissions Decision,
Black / African American,Black / African American,2019,Number Enrolled with SAT Scores Being Used in Admissions Decision,
Black / African American,Black / African American,2020,Number Enrolled with SAT Scores Being Used in Admissions Decision,
Black / African American,Black / African American,2021,Number Enrolled with SAT Scores Being Used in Admissions Decision,
Black / African American,Black / African American,2022,Number Enrolled with SAT Scores Being Used in Admissions Decision,
Black / African American,Black / African American,2023,Number Enrolled with SAT Scores Being Used in Admissions Decision,33
Black / African American,Black / African American,2024,Number Enrolled with SAT Scores Being Used in Admissions Decision,33
Black / African American,Black / African American,2017,Evidence-based Reading & Writing,509
Black / African American,Black / African American,2018,Evidence-based Reading & Writing,512
Black / African American,Black / African American,2019,Evidence-based Reading & Writing,504
Black / African American,Black / African American,2020,Evidence-based Reading & Writing,506
Black / African American,Black / African American,2021,Evidence-based Reading & Writing,488
Black / African American,Black / African American,2022,Evidence-based Reading & Writing,493
Black / African American,Black / African American,2023,Evidence-based Reading & Writing,486
Black / African American,Black / African American,2024,Evidence-based Reading & Writing,489
Black / African American,Black / African American,2017,change (pct),
Black / African American,Black / African American,2018,change (pct),0.5
Black / African American,Black / African American,2019,change (pct),-1.6
Black / African American,Black / African American,2020,change (pct),0.4
Black / African American,Black / African American,2021,change (pct),-3.6
Black / African American,Black / African American,2022,change (pct),1.2
Black / African American,Black / African American,2023,change (pct),-1.4
Black / African American,Black / African American,2024,change (pct),0.5
Black / African American,Black / African American,2017,Math,490
Black / African American,Black / African American,2018,Math,487
Black / African American,Black / African American,2019,Math,487
Black / African American,Black / African American,2020,Math,495
Black / African American,Black / African American,2021,Math,454
Black / African American,Black / African American,2022,Math,471
Black / African American,Black / African American,2023,Math,474
Black / African American,Black / African American,2024,Math,467
Black / African American,Black / African American,2017,change (pct),
Black / African American,Black / African American,2018,change (pct),-0.7
Black / African American,Black / African American,2019,change (pct),0
Black / African American,Black / African American,2020,change (pct),1.6
Black / African American,Black / African American,2021,change (pct),-8.3
Black / African American,Black / African American,2022,change (pct),3.8
Black / African American,Black / African American,2023,change (pct),0.5
Black / African American,Black / African American,2024,change (pct),-1.4
Black / African American,Black / African American,2017,Combined (Read Write + Math),999
Black / African American,Black / African American,2018,Combined (Read Write + Math),998
Black / African American,Black / African American,2019,Combined (Read Write + Math),990
Black / African American,Black / African American,2020,Combined (Read Write + Math),1001
Black / African American,Black / African American,2021,Combined (Read Write + Math),942
Black / African American,Black / African American,2022,Combined (Read Write + Math),965
Black / African American,Black / African American,2023,Combined (Read Write + Math),960
Black / African American,Black / African American,2024,Combined (Read Write + Math),956
Black / African American,Black / African American,2017,change (pct),
Black / African American,Black / African American,2018,change (pct),-0.1
Black / African American,Black / African American,2019,change (pct),-0.8
Black / African American,Black / African American,2020,change (pct),1
Black / African American,Black / African American,2021,change (pct),-5.9
Black / African American,Black / African American,2022,change (pct),2.4
Black / African American,Black / African American,2023,change (pct),-0.5
Black / African American,Black / African American,2024,change (pct),-0.4
Black / African American,Black / African American,2017,High School Rank (percentile),58
Black / African American,Black / African American,2018,High School Rank (percentile),60
Black / African American,Black / African American,2019,High School Rank (percentile),55
Black / African American,Black / African American,2020,High School Rank (percentile),59
Black / African American,Black / African American,2021,High School Rank (percentile),56
Black / African American,Black / African American,2022,High School Rank (percentile),53
Black / African American,Black / African American,2023,High School Rank (percentile),56
Black / African American,Black / African American,2024,High School Rank (percentile),55
Black / African American,Black / African American,2017,change (pct),
Black / African American,Black / African American,2018,change (pct),3.4
Black / African American,Black / African American,2019,change (pct),-8.3
Black / African American,Black / African American,2020,change (pct),7.3
Black / African American,Black / African American,2021,change (pct),-5.1
Black / African American,Black / African American,2022,change (pct),-5.4
Black / African American,Black / African American,2023,change (pct),5.7
Black / African American,Black / African American,2024,change (pct),-1.8
Black / African American,Black / African American,2017,High School GPA (mean),2.89
Black / African American,Black / African American,2018,High School GPA (mean),3
Black / African American,Black / African American,2019,High School GPA (mean),2.91
Black / African American,Black / African American,2020,High School GPA (mean),3.01
Black / African American,Black / African American,2021,High School GPA (mean),3.04
Black / African American,Black / African American,2022,High School GPA (mean),2.94
Black / African American,Black / African American,2023,High School GPA (mean),3.01
Black / African American,Black / African American,2024,High School GPA (mean),2.96
Black / African American,Black / African American,2017,change (pct),
Black / African American,Black / African American,2018,change (pct),3.8
Black / African American,Black / African American,2019,change (pct),-3
Black / African American,Black / African American,2020,change (pct),3.4
Black / African American,Black / African American,2021,change (pct),1
Black / African American,Black / African American,2022,change (pct),-3.3
Black / African American,Black / African American,2023,change (pct),2.4
Black / African American,Black / African American,2024,change (pct),-1.7
Native Hawaiian / Other Pacific Islander,Native Hawaiian / Other Pacific Islander,2017,Number Enrolled,0
Native Hawaiian / Other Pacific Islander,Native Hawaiian / Other Pacific Islander,2018,Number Enrolled,2
Native Hawaiian / Other Pacific Islander,Native Hawaiian / Other Pacific Islander,2019,Number Enrolled,1
Native Hawaiian / Other Pacific Islander,Native Hawaiian / Other Pacific Islander,2020,Number Enrolled,1
Native Hawaiian / Other Pacific Islander,Native Hawaiian / Other Pacific Islander,2021,Number Enrolled,2
Native Hawaiian / Other Pacific Islander,Native Hawaiian / Other Pacific Islander,2022,Number Enrolled,0
Native Hawaiian / Other Pacific Islander,Native Hawaiian / Other Pacific Islander,2023,Number Enrolled,1
Native Hawaiian / Other Pacific Islander,Native Hawaiian / Other Pacific Islander,2024,Number Enrolled,0
Native Hawaiian / Other Pacific Islander,Native Hawaiian / Other Pacific Islander,2017,change (pct),
Native Hawaiian / Other Pacific Islander,Native Hawaiian / Other Pacific Islander,2018,change (pct),
Native Hawaiian / Other Pacific Islander,Native Hawaiian / Other Pacific Islander,2019,change (pct),
Native Hawaiian / Other Pacific Islander,Native Hawaiian / Other Pacific Islander,2020,change (pct),
Native Hawaiian / Other Pacific Islander,Native Hawaiian / Other Pacific Islander,2021,change (pct),
Native Hawaiian / Other Pacific Islander,Native Hawaiian / Other Pacific Islander,2022,change (pct),
Native Hawaiian / Other Pacific Islander,Native Hawaiian / Other Pacific Islander,2023,change (pct),
Native Hawaiian / Other Pacific Islander,Native Hawaiian / Other Pacific Islander,2024,change (pct),
Native Hawaiian / Other Pacific Islander,Native Hawaiian / Other Pacific Islander,2017,Number Enrolled with SAT Scores Being Used in Admissions Decision,
Native Hawaiian / Other Pacific Islander,Native Hawaiian / Other Pacific Islander,2018,Number Enrolled with SAT Scores Being Used in Admissions Decision,
Native Hawaiian / Other Pacific Islander,Native Hawaiian / Other Pacific Islander,2019,Number Enrolled with SAT Scores Being Used in Admissions Decision,
Native Hawaiian / Other Pacific Islander,Native Hawaiian / Other Pacific Islander,2020,Number Enrolled with SAT Scores Being Used in Admissions Decision,
Native Hawaiian / Other Pacific Islander,Native Hawaiian / Other Pacific Islander,2021,Number Enrolled with SAT Scores Being Used in Admissions Decision,
Native Hawaiian / Other Pacific Islander,Native Hawaiian / Other Pacific Islander,2022,Number Enrolled with SAT Scores Being Used in Admissions Decision,
Native Hawaiian / Other Pacific Islander,Native Hawaiian / Other Pacific Islander,2023,Number Enrolled with SAT Scores Being Used in Admissions Decision,
Native Hawaiian / Other Pacific Islander,Native Hawaiian / Other Pacific Islander,2024,Number Enrolled with SAT Scores Being Used in Admissions Decision,
Native Hawaiian / Other Pacific Islander,Native Hawaiian / Other Pacific Islander,2017,Evidence-based Reading & Writing,
Native Hawaiian / Other Pacific Islander,Native Hawaiian / Other Pacific Islander,2018,Evidence-based Reading & Writing,
Native Hawaiian / Other Pacific Islander,Native Hawaiian / Other Pacific Islander,2019,Evidence-based Reading & Writing,
Native Hawaiian / Other Pacific Islander,Native Hawaiian / Other Pacific Islander,2020,Evidence-based Reading & Writing,
Native Hawaiian / Other Pacific Islander,Native Hawaiian / Other Pacific Islander,2021,Evidence-based Reading & Writing,
Native Hawaiian / Other Pacific Islander,Native Hawaiian / Other Pacific Islander,2022,Evidence-based Reading & Writing,
Native Hawaiian / Other Pacific Islander,Native Hawaiian / Other Pacific Islander,2023,Evidence-based Reading & Writing,
Native Hawaiian / Other Pacific Islander,Native Hawaiian / Other Pacific Islander,2024,Evidence-based Reading & Writing,
Native Hawaiian / Other Pacific Islander,Native Hawaiian / Other Pacific Islander,2017,change (pct),
Native Hawaiian / Other Pacific Islander,Native Hawaiian / Other Pacific Islander,2018,change (pct),
Native Hawaiian / Other Pacific Islander,Native Hawaiian / Other Pacific Islander,2019,change (pct),
Native Hawaiian / Other Pacific Islander,Native Hawaiian / Other Pacific Islander,2020,change (pct),
Native Hawaiian / Other Pacific Islander,Native Hawaiian / Other Pacific Islander,2021,change (pct),
Native Hawaiian / Other Pacific Islander,Native Hawaiian / Other Pacific Islander,2022,change (pct),
Native Hawaiian / Other Pacific Islander,Native Hawaiian / Other Pacific Islander,2023,change (pct),
Native Hawaiian / Other Pacific Islander,Native Hawaiian / Other Pacific Islander,2024,change (pct),
Native Hawaiian / Other Pacific Islander,Native Hawaiian / Other Pacific Islander,2017,Math,
Native Hawaiian / Other Pacific Islander,Native Hawaiian / Other Pacific Islander,2018,Math,
Native Hawaiian / Other Pacific Islander,Native Hawaiian / Other Pacific Islander,2019,Math,
Native Hawaiian / Other Pacific Islander,Native Hawaiian / Other Pacific Islander,2020,Math,
Native Hawaiian / Other Pacific Islander,Native Hawaiian / Other Pacific Islander,2021,Math,
Native Hawaiian / Other Pacific Islander,Native Hawaiian / Other Pacific Islander,2022,Math,
Native Hawaiian / Other Pacific Islander,Native Hawaiian / Other Pacific Islander,2023,Math,
Native Hawaiian / Other Pacific Islander,Native Hawaiian / Other Pacific Islander,2024,Math,
Native Hawaiian / Other Pacific Islander,Native Hawaiian / Other Pacific Islander,2017,change (pct),
Native Hawaiian / Other Pacific Islander,Native Hawaiian / Other Pacific Islander,2018,change (pct),
Native Hawaiian / Other Pacific Islander,Native Hawaiian / Other Pacific Islander,2019,change (pct),
Native Hawaiian / Other Pacific Islander,Native Hawaiian / Other Pacific Islander,2020,change (pct),
Native Hawaiian / Other Pacific Islander,Native Hawaiian / Other Pacific Islander,2021,change (pct),
Native Hawaiian / Other Pacific Islander,Native Hawaiian / Other Pacific Islander,2022,change (pct),
Native Hawaiian / Other Pacific Islander,Native Hawaiian / Other Pacific Islander,2023,change (pct),
Native Hawaiian / Other Pacific Islander,Native Hawaiian / Other Pacific Islander,2024,change (pct),
Native Hawaiian / Other Pacific Islander,Native Hawaiian / Other Pacific Islander,2017,Combined (Read Write + Math),
Native Hawaiian / Other Pacific Islander,Native Hawaiian / Other Pacific Islander,2018,Combined (Read Write + Math),
Native Hawaiian / Other Pacific Islander,Native Hawaiian / Other Pacific Islander,2019,Combined (Read Write + Math),
Native Hawaiian / Other Pacific Islander,Native Hawaiian / Other Pacific Islander,2020,Combined (Read Write + Math),
Native Hawaiian / Other Pacific Islander,Native Hawaiian / Other Pacific Islander,2021,Combined (Read Write + Math),
Native Hawaiian / Other Pacific Islander,Native Hawaiian / Other Pacific Islander,2022,Combined (Read Write + Math),
Native Hawaiian / Other Pacific Islander,Native Hawaiian / Other Pacific Islander,2023,Combined (Read Write + Math),
Native Hawaiian / Other Pacific Islander,Native Hawaiian / Other Pacific Islander,2024,Combined (Read Write + Math),
Native Hawaiian / Other Pacific Islander,Native Hawaiian / Other Pacific Islander,2017,change (pct),
Native Hawaiian / Other Pacific Islander,Native Hawaiian / Other Pacific Islander,2018,change (pct),
Native Hawaiian / Other Pacific Islander,Native Hawaiian / Other Pacific Islander,2019,change (pct),
Native Hawaiian / Other Pacific Islander,Native Hawaiian / Other Pacific Islander,2020,change (pct),
Native Hawaiian / Other Pacific Islander,Native Hawaiian / Other Pacific Islander,2021,change (pct),
Native Hawaiian / Other Pacific Islander,Native Hawaiian / Other Pacific Islander,2022,change (pct),
Native Hawaiian / Other Pacific Islander,Native Hawaiian / Other Pacific Islander,2023,change (pct),
Native Hawaiian / Other Pacific Islander,Native Hawaiian / Other Pacific Islander,2024,change (pct),
Native Hawaiian / Other Pacific Islander,Native Hawaiian / Other Pacific Islander,2017,High School Rank (percentile),
Native Hawaiian / Other Pacific Islander,Native Hawaiian / Other Pacific Islander,2018,High School Rank (percentile),
Native Hawaiian / Other Pacific Islander,Native Hawaiian / Other Pacific Islander,2019,High School Rank (percentile),
Native Hawaiian / Other Pacific Islander,Native Hawaiian / Other Pacific Islander,2020,High School Rank (percentile),
Native Hawaiian / Other Pacific Islander,Native Hawaiian / Other Pacific Islander,2021,High School Rank (percentile),
Native Hawaiian / Other Pacific Islander,Native Hawaiian / Other Pacific Islander,2022,High School Rank (percentile),
Native Hawaiian / Other Pacific Islander,Native Hawaiian / Other Pacific Islander,2023,High School Rank (percentile),
Native Hawaiian / Other Pacific Islander,Native Hawaiian / Other Pacific Islander,2024,High School Rank (percentile),
Native Hawaiian / Other Pacific Islander,Native Hawaiian / Other Pacific Islander,2017,change (pct),
Native Hawaiian / Other Pacific Islander,Native Hawaiian / Other Pacific Islander,2018,change (pct),
Native Hawaiian / Other Pacific Islander,Native Hawaiian / Other Pacific Islander,2019,change (pct),
Native Hawaiian / Other Pacific Islander,Native Hawaiian / Other Pacific Islander,2020,change (pct),
Native Hawaiian / Other Pacific Islander,Native Hawaiian / Other Pacific Islander,2021,change (pct),
Native Hawaiian / Other Pacific Islander,Native Hawaiian / Other Pacific Islander,2022,change (pct),
Native Hawaiian / Other Pacific Islander,Native Hawaiian / Other Pacific Islander,2023,change (pct),
Native Hawaiian / Other Pacific Islander,Native Hawaiian / Other Pacific Islander,2024,change (pct),
Native Hawaiian / Other Pacific Islander,Native Hawaiian / Other Pacific Islander,2017,High School GPA (mean),
Native Hawaiian / Other Pacific Islander,Native Hawaiian / Other Pacific Islander,2018,High School GPA (mean),
Native Hawaiian / Other Pacific Islander,Native Hawaiian / Other Pacific Islander,2019,High School GPA (mean),
Native Hawaiian / Other Pacific Islander,Native Hawaiian / Other Pacific Islander,2020,High School GPA (mean),
Native Hawaiian / Other Pacific Islander,Native Hawaiian / Other Pacific Islander,2021,High School GPA (mean),
Native Hawaiian / Other Pacific Islander,Native Hawaiian / Other Pacific Islander,2022,High School GPA (mean),
Native Hawaiian / Other Pacific Islander,Native Hawaiian / Other Pacific Islander,2023,High School GPA (mean),
Native Hawaiian / Other Pacific Islander,Native Hawaiian / Other Pacific Islander,2024,High School GPA (mean),
Native Hawaiian / Other Pacific Islander,Native Hawaiian / Other Pacific Islander,2017,change (pct),
Native Hawaiian / Other Pacific Islander,Native Hawaiian / Other Pacific Islander,2018,change (pct),
Native Hawaiian / Other Pacific Islander,Native Hawaiian / Other Pacific Islander,2019,change (pct),
Native Hawaiian / Other Pacific Islander,Native Hawaiian / Other Pacific Islander,2020,change (pct),
Native Hawaiian / Other Pacific Islander,Native Hawaiian / Other Pacific Islander,2021,change (pct),
Native Hawaiian / Other Pacific Islander,Native Hawaiian / Other Pacific Islander,2022,change (pct),
Native Hawaiian / Other Pacific Islander,Native Hawaiian / Other Pacific Islander,2023,change (pct),
Native Hawaiian / Other Pacific Islander,Native Hawaiian / Other Pacific Islander,2024,change (pct),
White,White,2017,Number Enrolled,825
White,White,2018,Number Enrolled,838
White,White,2019,Number Enrolled,784
White,White,2020,Number Enrolled,684
White,White,2021,Number Enrolled,601
White,White,2022,Number Enrolled,681
White,White,2023,Number Enrolled,716
White,White,2024,Number Enrolled,591
White,White,2017,change (pct),
White,White,2018,change (pct),1.6
White,White,2019,change (pct),-6.4
White,White,2020,change (pct),-12.8
White,White,2021,change (pct),-12.1
White,White,2022,change (pct),13.3
White,White,2023,change (pct),5.1
White,White,2024,change (pct),-17.5
White,White,2017,Number Enrolled with SAT Scores Being Used in Admissions Decision,
White,White,2018,Number Enrolled with SAT Scores Being Used in Admissions Decision,
White,White,2019,Number Enrolled with SAT Scores Being Used in Admissions Decision,
White,White,2020,Number Enrolled with SAT Scores Being Used in Admissions Decision,
White,White,2021,Number Enrolled with SAT Scores Being Used in Admissions Decision,
White,White,2022,Number Enrolled with SAT Scores Being Used in Admissions Decision,
White,White,2023,Number Enrolled with SAT Scores Being Used in Admissions Decision,212
White,White,2024,Number Enrolled with SAT Scores Being Used in Admissions Decision,153
White,White,2017,Evidence-based Reading & Writing,558
White,White,2018,Evidence-based Reading & Writing,558
White,White,2019,Evidence-based Reading & Writing,556
White,White,2020,Evidence-based Reading & Writing,548
White,White,2021,Evidence-based Reading & Writing,557
White,White,2022,Evidence-based Reading & Writing,546
White,White,2023,Evidence-based Reading & Writing,560
White,White,2024,Evidence-based Reading & Writing,563
White,White,2017,change (pct),
White,White,2018,change (pct),-0.1
White,White,2019,change (pct),-0.2
White,White,2020,change (pct),-1.6
White,White,2021,change (pct),1.7
White,White,2022,change (pct),-1.9
White,White,2023,change (pct),2.5
White,White,2024,change (pct),0.6
White,White,2017,Math,542
White,White,2018,Math,546
White,White,2019,Math,539
White,White,2020,Math,537
White,White,2021,Math,540
White,White,2022,Math,534
White,White,2023,Math,553
White,White,2024,Math,552
White,White,2017,change (pct),
White,White,2018,change (pct),0.7
White,White,2019,change (pct),-1.4
White,White,2020,change (pct),-0.3
White,White,2021,change (pct),0.6
White,White,2022,change (pct),-1.1
White,White,2023,change (pct),3.5
White,White,2024,change (pct),-0.1
White,White,2017,Combined (Read Write + Math),1100
White,White,2018,Combined (Read Write + Math),1104
White,White,2019,Combined (Read Write + Math),1095
White,White,2020,Combined (Read Write + Math),1084
White,White,2021,Combined (Read Write + Math),1097
White,White,2022,Combined (Read Write + Math),1080
White,White,2023,Combined (Read Write + Math),1112
White,White,2024,Combined (Read Write + Math),1116
White,White,2017,change (pct),
White,White,2018,change (pct),0.3
White,White,2019,change (pct),-0.8
White,White,2020,change (pct),-1
White,White,2021,change (pct),1.2
White,White,2022,change (pct),-1.5
White,White,2023,change (pct),3
White,White,2024,change (pct),0.3
White,White,2017,High School Rank (percentile),57
White,White,2018,High School Rank (percentile),58
White,White,2019,High School Rank (percentile),56
White,White,2020,High School Rank (percentile),57
White,White,2021,High School Rank (percentile),58
White,White,2022,High School Rank (percentile),58
White,White,2023,High School Rank (percentile),60
White,White,2024,High School Rank (percentile),59
White,White,2017,change (pct),
White,White,2018,change (pct),1.8
White,White,2019,change (pct),-3.4
White,White,2020,change (pct),1.8
White,White,2021,change (pct),1.8
White,White,2022,change (pct),0
White,White,2023,change (pct),3.4
White,White,2024,change (pct),-1.7
White,White,2017,High School GPA (mean),3.11
White,White,2018,High School GPA (mean),3.1
White,White,2019,High School GPA (mean),3.26
White,White,2020,High School GPA (mean),3.19
White,White,2021,High School GPA (mean),3.25
White,White,2022,High School GPA (mean),3.25
White,White,2023,High School GPA (mean),3.29
White,White,2024,High School GPA (mean),3.25
White,White,2017,change (pct),
White,White,2018,change (pct),-0.3
White,White,2019,change (pct),5.2
White,White,2020,change (pct),-2.1
White,White,2021,change (pct),1.9
White,White,2022,change (pct),0
White,White,2023,change (pct),1.2
White,White,2024,change (pct),-1.2
Two or more races,Two or more races,2017,Number Enrolled,56
Two or more races,Two or more races,2018,Number Enrolled,53
Two or more races,Two or more races,2019,Number Enrolled,43
Two or more races,Two or more races,2020,Number Enrolled,45
Two or more races,Two or more races,2021,Number Enrolled,44
Two or more races,Two or more races,2022,Number Enrolled,40
Two or more races,Two or more races,2023,Number Enrolled,11
Two or more races,Two or more races,2024,Number Enrolled,18
Two or more races,Two or more races,2017,change (pct),
Two or more races,Two or more races,2018,change (pct),-5.4
Two or more races,Two or more races,2019,change (pct),-18.9
Two or more races,Two or more races,2020,change (pct),4.7
Two or more races,Two or more races,2021,change (pct),-2.2
Two or more races,Two or more races,2022,change (pct),-9.1
Two or more races,Two or more races,2023,change (pct),-72.5
Two or more races,Two or more races,2024,change (pct),63.6
Two or more races,Two or more races,2017,Number Enrolled with SAT Scores Being Used in Admissions Decision,
Two or more races,Two or more races,2018,Number Enrolled with SAT Scores Being Used in Admissions Decision,
Two or more races,Two or more races,2019,Number Enrolled with SAT Scores Being Used in Admissions Decision,
Two or more races,Two or more races,2020,Number Enrolled with SAT Scores Being Used in Admissions Decision,
Two or more races,Two or more races,2021,Number Enrolled with SAT Scores Being Used in Admissions Decision,
Two or more races,Two or more races,2022,Number Enrolled with SAT Scores Being Used in Admissions Decision,
Two or more races,Two or more races,2023,Number Enrolled with SAT Scores Being Used in Admissions Decision,4
Two or more races,Two or more races,2024,Number Enrolled with SAT Scores Being Used in Admissions Decision,7
Two or more races,Two or more races,2017,Evidence-based Reading & Writing,544
Two or more races,Two or more races,2018,Evidence-based Reading & Writing,534
Two or more races,Two or more races,2019,Evidence-based Reading & Writing,542
Two or more races,Two or more races,2020,Evidence-based Reading & Writing,542
Two or more races,Two or more races,2021,Evidence-based Reading & Writing,548
Two or more races,Two or more races,2022,Evidence-based Reading & Writing,515
Two or more races,Two or more races,2023,Evidence-based Reading & Writing,
Two or more races,Two or more races,2024,Evidence-based Reading & Writing,
Two or more races,Two or more races,2017,change (pct),
Two or more races,Two or more races,2018,change (pct),-1.8
Two or more races,Two or more races,2019,change (pct),1.6
Two or more races,Two or more races,2020,change (pct),-0.1
Two or more races,Two or more races,2021,change (pct),1
Two or more races,Two or more races,2022,change (pct),-5.9
Two or more races,Two or more races,2023,change (pct),
Two or more races,Two or more races,2024,change (pct),
Two or more races,Two or more races,2017,Math,513
Two or more races,Two or more races,2018,Math,515
Two or more races,Two or more races,2019,Math,522
Two or more races,Two or more races,2020,Math,538
Two or more races,Two or more races,2021,Math,531
Two or more races,Two or more races,2022,Math,497
Two or more races,Two or more races,2023,Math,
Two or more races,Two or more races,2024,Math,
Two or more races,Two or more races,2017,change (pct),
Two or more races,Two or more races,2018,change (pct),0.5
Two or more races,Two or more races,2019,change (pct),1.3
Two or more races,Two or more races,2020,change (pct),3.1
Two or more races,Two or more races,2021,change (pct),-1.4
Two or more races,Two or more races,2022,change (pct),-6.3
Two or more races,Two or more races,2023,change (pct),
Two or more races,Two or more races,2024,change (pct),
Two or more races,Two or more races,2017,Combined (Read Write + Math),1057
Two or more races,Two or more races,2018,Combined (Read Write + Math),1049
Two or more races,Two or more races,2019,Combined (Read Write + Math),1064
Two or more races,Two or more races,2020,Combined (Read Write + Math),1080
Two or more races,Two or more races,2021,Combined (Read Write + Math),1078
Two or more races,Two or more races,2022,Combined (Read Write + Math),1012
Two or more races,Two or more races,2023,Combined (Read Write + Math),
Two or more races,Two or more races,2024,Combined (Read Write + Math),
Two or more races,Two or more races,2017,change (pct),
Two or more races,Two or more races,2018,change (pct),-0.7
Two or more races,Two or more races,2019,change (pct),1.4
Two or more races,Two or more races,2020,change (pct),1.5
Two or more races,Two or more races,2021,change (pct),-0.2
Two or more races,Two or more races,2022,change (pct),-6.1
Two or more races,Two or more races,2023,change (pct),
Two or more races,Two or more races,2024,change (pct),
Two or more races,Two or more races,2017,High School Rank (percentile),60
Two or more races,Two or more races,2018,High School Rank (percentile),52
Two or more races,Two or more races,2019,High School Rank (percentile),61
Two or more races,Two or more races,2020,High School Rank (percentile),62
Two or more races,Two or more races,2021,High School Rank (percentile),59
Two or more races,Two or more races,2022,High School Rank (percentile),58
Two or more races,Two or more races,2023,High School Rank (percentile),49
Two or more races,Two or more races,2024,High School Rank (percentile),71
Two or more races,Two or more races,2017,change (pct),
Two or more races,Two or more races,2018,change (pct),-13.3
Two or more races,Two or more races,2019,change (pct),17.3
Two or more races,Two or more races,2020,change (pct),1.6
Two or more races,Two or more races,2021,change (pct),-4.8
Two or more races,Two or more races,2022,change (pct),-1.7
Two or more races,Two or more races,2023,change (pct),-15.5
Two or more races,Two or more races,2024,change (pct),44.9
Two or more races,Two or more races,2017,High School GPA (mean),3.03
Two or more races,Two or more races,2018,High School GPA (mean),2.9
Two or more races,Two or more races,2019,High School GPA (mean),3.18
Two or more races,Two or more races,2020,High School GPA (mean),3.16
Two or more races,Two or more races,2021,High School GPA (mean),3.26
Two or more races,Two or more races,2022,High School GPA (mean),3.18
Two or more races,Two or more races,2023,High School GPA (mean),3.12
Two or more races,Two or more races,2024,High School GPA (mean),3.31
Two or more races,Two or more races,2017,change (pct),
Two or more races,Two or more races,2018,change (pct),-4.3
Two or more races,Two or more races,2019,change (pct),9.7
Two or more races,Two or more races,2020,change (pct),-0.6
Two or more races,Two or more races,2021,change (pct),3.2
Two or more races,Two or more races,2022,change (pct),-2.5
Two or more races,Two or more races,2023,change (pct),-1.9
Two or more races,Two or more races,2024,change (pct),6.1
Race/Ethnicity Unknown,Race/Ethnicity Unknown,2017,Number Enrolled,55
Race/Ethnicity Unknown,Race/Ethnicity Unknown,2018,Number Enrolled,58
Race/Ethnicity Unknown,Race/Ethnicity Unknown,2019,Number Enrolled,48
Race/Ethnicity Unknown,Race/Ethnicity Unknown,2020,Number Enrolled,35
Race/Ethnicity Unknown,Race/Ethnicity Unknown,2021,Number Enrolled,29
Race/Ethnicity Unknown,Race/Ethnicity Unknown,2022,Number Enrolled,10
Race/Ethnicity Unknown,Race/Ethnicity Unknown,2023,Number Enrolled,68
Race/Ethnicity Unknown,Race/Ethnicity Unknown,2024,Number Enrolled,49
Race/Ethnicity Unknown,Race/Ethnicity Unknown,2017,change (pct),
Race/Ethnicity Unknown,Race/Ethnicity Unknown,2018,change (pct),5.5
Race/Ethnicity Unknown,Race/Ethnicity Unknown,2019,change (pct),-17.2
Race/Ethnicity Unknown,Race/Ethnicity Unknown,2020,change (pct),-27.1
Race/Ethnicity Unknown,Race/Ethnicity Unknown,2021,change (pct),-17.1
Race/Ethnicity Unknown,Race/Ethnicity Unknown,2022,change (pct),-65.5
Race/Ethnicity Unknown,Race/Ethnicity Unknown,2023,change (pct),580
Race/Ethnicity Unknown,Race/Ethnicity Unknown,2024,change (pct),-27.9
Race/Ethnicity Unknown,Race/Ethnicity Unknown,2017,Number Enrolled with SAT Scores Being Used in Admissions Decision,
Race/Ethnicity Unknown,Race/Ethnicity Unknown,2018,Number Enrolled with SAT Scores Being Used in Admissions Decision,
Race/Ethnicity Unknown,Race/Ethnicity Unknown,2019,Number Enrolled with SAT Scores Being Used in Admissions Decision,
Race/Ethnicity Unknown,Race/Ethnicity Unknown,2020,Number Enrolled with SAT Scores Being Used in Admissions Decision,
Race/Ethnicity Unknown,Race/Ethnicity Unknown,2021,Number Enrolled with SAT Scores Being Used in Admissions Decision,
Race/Ethnicity Unknown,Race/Ethnicity Unknown,2022,Number Enrolled with SAT Scores Being Used in Admissions Decision,
Race/Ethnicity Unknown,Race/Ethnicity Unknown,2023,Number Enrolled with SAT Scores Being Used in Admissions Decision,18
Race/Ethnicity Unknown,Race/Ethnicity Unknown,2024,Number Enrolled with SAT Scores Being Used in Admissions Decision,12
Race/Ethnicity Unknown,Race/Ethnicity Unknown,2017,Evidence-based Reading & Writing,546
Race/Ethnicity Unknown,Race/Ethnicity Unknown,2018,Evidence-based Reading & Writing,555
Race/Ethnicity Unknown,Race/Ethnicity Unknown,2019,Evidence-based Reading & Writing,533
Race/Ethnicity Unknown,Race/Ethnicity Unknown,2020,Evidence-based Reading & Writing,550
Race/Ethnicity Unknown,Race/Ethnicity Unknown,2021,Evidence-based Reading & Writing,571
Race/Ethnicity Unknown,Race/Ethnicity Unknown,2022,Evidence-based Reading & Writing,528
Race/Ethnicity Unknown,Race/Ethnicity Unknown,2023,Evidence-based Reading & Writing,581
Race/Ethnicity Unknown,Race/Ethnicity Unknown,2024,Evidence-based Reading & Writing,522
Race/Ethnicity Unknown,Race/Ethnicity Unknown,2017,change (pct),
Race/Ethnicity Unknown,Race/Ethnicity Unknown,2018,change (pct),1.6
Race/Ethnicity Unknown,Race/Ethnicity Unknown,2019,change (pct),-4
Race/Ethnicity Unknown,Race/Ethnicity Unknown,2020,change (pct),3.2
Race/Ethnicity Unknown,Race/Ethnicity Unknown,2021,change (pct),3.9
Race/Ethnicity Unknown,Race/Ethnicity Unknown,2022,change (pct),-7.6
Race/Ethnicity Unknown,Race/Ethnicity Unknown,2023,change (pct),10.2
Race/Ethnicity Unknown,Race/Ethnicity Unknown,2024,change (pct),-10.2
Race/Ethnicity Unknown,Race/Ethnicity Unknown,2017,Math,531
Race/Ethnicity Unknown,Race/Ethnicity Unknown,2018,Math,537
Race/Ethnicity Unknown,Race/Ethnicity Unknown,2019,Math,516
Race/Ethnicity Unknown,Race/Ethnicity Unknown,2020,Math,527
Race/Ethnicity Unknown,Race/Ethnicity Unknown,2021,Math,557
Race/Ethnicity Unknown,Race/Ethnicity Unknown,2022,Math,503
Race/Ethnicity Unknown,Race/Ethnicity Unknown,2023,Math,546
Race/Ethnicity Unknown,Race/Ethnicity Unknown,2024,Math,496
Race/Ethnicity Unknown,Race/Ethnicity Unknown,2017,change (pct),
Race/Ethnicity Unknown,Race/Ethnicity Unknown,2018,change (pct),1.1
Race/Ethnicity Unknown,Race/Ethnicity Unknown,2019,change (pct),-3.9
Race/Ethnicity Unknown,Race/Ethnicity Unknown,2020,change (pct),2.1
Race/Ethnicity Unknown,Race/Ethnicity Unknown,2021,change (pct),5.6
Race/Ethnicity Unknown,Race/Ethnicity Unknown,2022,change (pct),-9.7
Race/Ethnicity Unknown,Race/Ethnicity Unknown,2023,change (pct),8.6
Race/Ethnicity Unknown,Race/Ethnicity Unknown,2024,change (pct),-9.1
Race/Ethnicity Unknown,Race/Ethnicity Unknown,2017,Combined (Read Write + Math),1078
Race/Ethnicity Unknown,Race/Ethnicity Unknown,2018,Combined (Read Write + Math),1092
Race/Ethnicity Unknown,Race/Ethnicity Unknown,2019,Combined (Read Write + Math),1049
Race/Ethnicity Unknown,Race/Ethnicity Unknown,2020,Combined (Read Write + Math),1077
Race/Ethnicity Unknown,Race/Ethnicity Unknown,2021,Combined (Read Write + Math),1128
Race/Ethnicity Unknown,Race/Ethnicity Unknown,2022,Combined (Read Write + Math),1030
Race/Ethnicity Unknown,Race/Ethnicity Unknown,2023,Combined (Read Write + Math),1127
Race/Ethnicity Unknown,Race/Ethnicity Unknown,2024,Combined (Read Write + Math),1018
Race/Ethnicity Unknown,Race/Ethnicity Unknown,2017,change (pct),
Race/Ethnicity Unknown,Race/Ethnicity Unknown,2018,change (pct),1.3
Race/Ethnicity Unknown,Race/Ethnicity Unknown,2019,change (pct),-3.9
Race/Ethnicity Unknown,Race/Ethnicity Unknown,2020,change (pct),2.6
Race/Ethnicity Unknown,Race/Ethnicity Unknown,2021,change (pct),4.7
Race/Ethnicity Unknown,Race/Ethnicity Unknown,2022,change (pct),-8.7
Race/Ethnicity Unknown,Race/Ethnicity Unknown,2023,change (pct),9.4
Race/Ethnicity Unknown,Race/Ethnicity Unknown,2024,change (pct),-9.6
Race/Ethnicity Unknown,Race/Ethnicity Unknown,2017,High School Rank (percentile),58
Race/Ethnicity Unknown,Race/Ethnicity Unknown,2018,High School Rank (percentile),57
Race/Ethnicity Unknown,Race/Ethnicity Unknown,2019,High School Rank (percentile),58
Race/Ethnicity Unknown,Race/Ethnicity Unknown,2020,High School Rank (percentile),59
Race/Ethnicity Unknown,Race/Ethnicity Unknown,2021,High School Rank (percentile),76
Race/Ethnicity Unknown,Race/Ethnicity Unknown,2022,High School Rank (percentile),66
Race/Ethnicity Unknown,Race/Ethnicity Unknown,2023,High School Rank (percentile),56
Race/Ethnicity Unknown,Race/Ethnicity Unknown,2024,High School Rank (percentile),63
Race/Ethnicity Unknown,Race/Ethnicity Unknown,2017,change (pct),
Race/Ethnicity Unknown,Race/Ethnicity Unknown,2018,change (pct),-1.7
Race/Ethnicity Unknown,Race/Ethnicity Unknown,2019,change (pct),1.8
Race/Ethnicity Unknown,Race/Ethnicity Unknown,2020,change (pct),1.7
Race/Ethnicity Unknown,Race/Ethnicity Unknown,2021,change (pct),28.8
Race/Ethnicity Unknown,Race/Ethnicity Unknown,2022,change (pct),-13.2
Race/Ethnicity Unknown,Race/Ethnicity Unknown,2023,change (pct),-15.2
Race/Ethnicity Unknown,Race/Ethnicity Unknown,2024,change (pct),12.5
Race/Ethnicity Unknown,Race/Ethnicity Unknown,2017,High School GPA (mean),3.1
Race/Ethnicity Unknown,Race/Ethnicity Unknown,2018,High School GPA (mean),3.14
Race/Ethnicity Unknown,Race/Ethnicity Unknown,2019,High School GPA (mean),3.07
Race/Ethnicity Unknown,Race/Ethnicity Unknown,2020,High School GPA (mean),3.17
Race/Ethnicity Unknown,Race/Ethnicity Unknown,2021,High School GPA (mean),3.42
Race/Ethnicity Unknown,Race/Ethnicity Unknown,2022,High School GPA (mean),2.88
Race/Ethnicity Unknown,Race/Ethnicity Unknown,2023,High School GPA (mean),3.28
Race/Ethnicity Unknown,Race/Ethnicity Unknown,2024,High School GPA (mean),3.35
Race/Ethnicity Unknown,Race/Ethnicity Unknown,2017,change (pct),
Race/Ethnicity Unknown,Race/Ethnicity Unknown,2018,change (pct),1.3
Race/Ethnicity Unknown,Race/Ethnicity Unknown,2019,change (pct),-2.2
Race/Ethnicity Unknown,Race/Ethnicity Unknown,2020,change (pct),3.3
Race/Ethnicity Unknown,Race/Ethnicity Unknown,2021,change (pct),7.9
Race/Ethnicity Unknown,Race/Ethnicity Unknown,2022,change (pct),-15.8
Race/Ethnicity Unknown,Race/Ethnicity Unknown,2023,change (pct),13.9
Race/Ethnicity Unknown,Race/Ethnicity Unknown,2024,change (pct),2.1
